{
   "error":[
      {
         "type":"critical",
         "time":"23:59:00-05:59:59"
      },
      {
         "type":"High",
         "time":"22:00:00-23:58:59"
      },
      {
         "type":"Low",
         "time":"17:01:00-21:59:59"
      }
   ],

   "informational":[
       {
          "type":"criticalll",
          "time":"23:59:00-05:59:59"
       },
       {
          "type":"High",
          "time":"22:00:00-23:58:59"
       },
       {
          "type":"Low",
          "time":"17:01:00-21:59:59"
       }
    ],

    "warning":[
       {
          "type":"critical",
          "time":"23:59:00"
       },
       {
          "type":"High",
          "time":"22:00:00-23:58:59"
       },
       {
          "type":"Low",
          "time":"17:01:00-21:59:59"
       }
    ]
}